{
	"name" : "Dataviews",
	"attributes" : [
	],
	
	"dataviews" : [
		{ "code" : "actions", "name" : "Global Actions", 
			"dataviews" : [
			 	{ "code" : "comments", "name" : "Global Actions Comments" },
			 	{ "code" : "notes", "name" : "Global Actions Notes" },
			 	{ "code" : "notesRead", "name" : "Global Actions Notes Read" }
			]
		},
		
		{ "code" : "activityStream", "name": "Global Activity Stream" },
		{ "code" : "attachments", "name": "Global Attachments" },
		{ "code" : "attachmentsType", "name": "Global Attachments Type" },
		
		{ "code" : "changeRequests", "name" : "Global Change Requests", 
			"dataviews" : [
			 	{ "code" : "comments", "name" : "Global Change Requests Comments" },
			 	{ "code" : "notes", "name" : "Global Change Requests Notes" },
			 	{ "code" : "notesRead", "name" : "Global Change Requests Notes Read" },
			 	{ "code" : "notesRelated", "name" : "Global Change Requests Related" }
			]
		},
			
		{ "code" : "costCenters", "name": "Global Cost Centers" },
		
		{ "code" : "ideas", "name" : "Idea", 
			"dataviews" : [
			 	{ "code" : "attachments", "name" : "Idea Attachment" },
			 	{ "code" : "connections", "name" : "Idea Connections" },
			 	{ "code" : "descriptions", "name" : "Idea Descriptions" },
			 	{ "code" : "indicators", "name" : "Idea Indicators" },
			 	{ "code" : "notes", "name" : "Idea Notes" },
			 	{ "code" : "notesRead", "name" : "Idea Notes Read" }
			]
		},
		
		{ "code" : "ideaFolders", "name": "Idea Folders" },
		
		{ "code" : "ideaHistory", "name" : "Idea History", 
			"dataviews" : [
			 	{ "code" : "indicators", "name" : "Idea Indicators History" }
			]
		},
		
		{ "code" : "ideaWorkflowComments", "name": "Idea Workflow Comments" }	
	]
}