{
	"name" : "Project",
	"attributes" : [
		{	"code": "id", "name" : "ID", "dataType": "STRING", "id": true, "initializer": true, "kind": "NORMAL", "fieldType": "BUILT_IN" },
		{	"code": "name", "name" : "Name", "dataType": "STRING", "initializer": true, "kind": "NORMAL", "fieldType": "BUILT_IN" },
		{	"code": "versionID", "name" : "Version ID", "dataType": "DOUBLE", "kind": "NORMAL", "fieldType": "BUILT_IN", "exclude": true },
		{   "code": "remainingLaborEffort", "name": "Remaining Labor Effort", "dataType": "DOUBLE", "kind": "DISTRIBUTED", "fieldType": "BUILT_IN", "exclude": true },
		{   "code": "remainingLaborCost", "name": "Remaining Labor Cost", "dataType": "DOUBLE", "kind": "DISTRIBUTED", "fieldType": "BUILT_IN", "exclude": true },
		{   "code": "remainingCostItemCost", "name": "Remaining Cost Item Cost", "dataType": "DOUBLE", "kind": "DISTRIBUTED", "fieldType": "BUILT_IN", "exclude": true },
		{   "code": "remainingCost", "name": "Remaining Cost", "dataType": "DOUBLE", "kind": "DISTRIBUTED", "fieldType": "BUILT_IN", "exclude": true },
		{   "code": "totalLaborCost", "name": "Total Labor Cost", "dataType": "DOUBLE", "kind": "DISTRIBUTED", "fieldType": "BUILT_IN", "exclude": true },
		{   "code": "totalCostItemCost", "name": "Total Cost Item Cost", "dataType": "DOUBLE", "kind": "DISTRIBUTED", "fieldType": "BUILT_IN", "exclude": true },
		{   "code": "totalLaborEffort", "name": "Total Labor Effort", "dataType": "DOUBLE", "kind": "DISTRIBUTED", "fieldType": "BUILT_IN", "exclude": true },
		{   "code": "totalCost", "name": "Total Cost", "dataType": "DOUBLE", "kind": "DISTRIBUTED", "fieldType": "BUILT_IN", "exclude": true },
		
		{	"code": "allocatedResources", "name" : "allocatedResources", "dataType": "STRING_LIST", "kind": "LIST", "fieldType": "USER_DEFINED", "exclude": true },
		{   "code": "programManagers", "name": "programManagers", "dataType": "STRING_LIST", "kind": "LIST", "fieldType": "USER_DEFINED", "exclude": true },
		{   "code": "productManagers", "name": "productManagers", "dataType": "STRING_LIST", "kind": "LIST", "fieldType": "USER_DEFINED", "exclude": true },
		{   "code": "programUsersWriters", "name": "programUsersWriters", "dataType": "STRING_LIST", "kind": "LIST", "fieldType": "USER_DEFINED", "exclude": true },
		{   "code": "programUsersReaders", "name": "programUsersReaders", "dataType": "STRING_LIST", "kind": "LIST", "fieldType": "USER_DEFINED", "exclude": true }
	],
	
	"dataviews" : [
		{ "code" : "backlogItems", "name" : "Backlog Items" }
	]
}