{
	"name" : "Timesheet",
	"attributes" : [
		{ "code": "remainingEstimate", "dataType": "INTEGER", "name": "Remaining Estimate", "exclude": true  },
		{ "code": "wBS", "dataType": "STRING", "name": "WBS", "exclude": true  },
		{ "code": "notes", "dataType": "INTEGER", "name": "Notes", "exclude": true  },
		{ "code": "pin", "dataType": "BOOLEAN", "name": "Pin", "exclude": true  },
		{ "code": "duration", "dataType": "INTEGER", "name": "Duration", "exclude": true  },
		{ "code": "percentageCompleted", "dataType": "DOUBLE", "name": "% Completed", "exclude": true  },
		{ "code": "weekTotals", "dataType": "STRING", "name": "Week Totals", "exclude": true  },
		{ "code": "status", "dataType": "STRING", "name": "Status", "exclude": true  },
		{ "code": "summaryStatus", "dataType": "STRING", "name": "Summary Status", "exclude": true  },
		{ "code": "remainingEffort", "dataType": "DOUBLE", "name": "Remaining Effort", "exclude": true  },
		{ "code": "variancePlan", "dataType": "DOUBLE", "name": "Variance (Plan)", "exclude": true  },
		{ "code": "varianceActuals", "dataType": "DOUBLE", "name": "Variance (Actuals)", "exclude": true  },
		{ "code": "corrections", "dataType": "DOUBLE", "name": "Corrections", "exclude": true  },
		{ "code": "hidden", "dataType": "BOOLEAN", "name": "hidden", "exclude": true  }
	]
}